dia,open,last,close,date,symbol,exchange,hora,weekday,high_max,low_min,volume_sum,spline
2020-06-01 00:00:00+00:00,182.54,182.83,183.25,2020-06-01,MSFT,IEXG,24:00:00,Monday,183.0,181.46,22668821.0,0
2020-06-02 00:00:00+00:00,184.16,182.27,182.83,2020-06-02,MSFT,IEXG,16:26:26,Tuesday,184.225,181.355,19203880.0,0
2020-06-03 00:00:00+00:00,183.94945465911087,181.80295430750405,183.7686533343014,2020-06-03,MSFT,IEXG,,,185.21670015535025,181.26175110664016,100222707.22891998,1
2020-06-04 00:00:00+00:00,184.3,182.92,185.36,2020-06-04,MSFT,IEXG,24:00:00,Thursday,185.84,182.3,144504275.0,0
2020-06-05 00:00:00+00:00,182.62,187.2,182.92,2020-06-05,MSFT,IEXG,24:00:00,Friday,187.73,182.01,73294858.0,0
2020-06-08 00:00:00+00:00,185.94,188.36,187.2,2020-06-08,MSFT,IEXG,24:00:00,Monday,188.55,184.44,110037074.0,0
2020-06-09 00:00:00+00:00,188.0,189.8,188.36,2020-06-09,MSFT,IEXG,24:00:00,Tuesday,190.7,187.2605,118146916.0,0
2020-06-10 00:00:00+00:00,191.24511784214832,187.52271768314318,186.55992841465843,2020-06-10,MSFT,IEXG,,,191.06170206256473,188.22038402000115,120959082.01682658,1
2020-06-11 00:00:00+00:00,191.71071513827187,187.22191920033848,185.57595942628242,2020-06-11,MSFT,IEXG,,,191.79625174021214,188.50985696065254,127589555.65968592,1
2020-06-12 00:00:00+00:00,189.5355570113603,187.96878449240597,185.79957661681684,2020-06-12,MSFT,IEXG,,,192.1924696288085,187.44281431260293,121415514.20416416,1
2020-06-15 00:00:00+00:00,184.58,188.94,187.74,2020-06-15,MSFT,IEXG,24:00:00,Monday,190.82,184.01,85814135.0,0
2020-06-16 00:00:00+00:00,192.89,193.57,188.94,2020-06-16,MSFT,IEXG,24:00:00,Tuesday,195.58,191.46,43252963.0,0
2020-06-17 00:00:00+00:00,195.03,194.24,193.57,2020-06-17,MSFT,IEXG,24:00:00,Wednesday,196.32,193.69,91797328.0,0
2020-06-18 00:00:00+00:00,194.0,196.32,194.24,2020-06-18,MSFT,IEXG,24:00:00,Thursday,196.49,194.0,67997961.0,0
2020-06-19 00:00:00+00:00,198.59,195.15,196.32,2020-06-19,MSFT,IEXG,24:00:00,Friday,199.29,194.37,109200546.0,0
2020-06-22 00:00:00+00:00,195.79,200.57,195.15,2020-06-22,MSFT,IEXG,24:00:00,Monday,200.76,195.2301,91637240.0,0
2020-06-23 00:00:00+00:00,202.09,201.91,200.57,2020-06-23,MSFT,IEXG,24:00:00,Tuesday,203.95,201.425,170908697.0,0
2020-06-24 00:00:00+00:00,201.6043,197.84,201.91,2020-06-24,MSFT,IEXG,24:00:00,Wednesday,203.25,196.56,115024024.0,0
2020-06-25 00:00:00+00:00,197.8,200.34,197.84,2020-06-25,MSFT,IEXG,24:00:00,Thursday,200.61,195.4675,120706143.0,0
2020-06-26 00:00:00+00:00,199.73,196.33,200.34,2020-06-26,MSFT,IEXG,24:00:00,Friday,199.89,194.88,279889601.0,0
2020-06-29 00:00:00+00:00,195.78,198.44,196.33,2020-06-29,MSFT,IEXG,24:00:00,Monday,198.53,193.55,90269237.0,0
2020-06-30 00:00:00+00:00,197.8816,203.51,198.44,2020-06-30,MSFT,IEXG,24:00:00,Tuesday,204.4,197.74,115497716.0,0
2020-07-01 00:00:00+00:00,203.14,204.7,203.51,2020-07-01,MSFT,IEXG,24:00:00,Wednesday,206.35,201.77,108056267.0,0
2020-07-02 00:00:00+00:00,205.68,206.26,204.7,2020-07-02,MSFT,IEXG,24:00:00,Thursday,208.02,205.0,115289370.0,0
2020-07-03 00:00:00+00:00,207.6437719039565,211.3738357397524,206.75562092550098,2020-07-03,MSFT,IEXG,,,210.31718859061547,206.48813794641129,131336092.98726717,1
2020-07-06 00:00:00+00:00,208.83,210.7,206.26,2020-07-06,MSFT,IEXG,24:00:00,Monday,211.13,208.09,129439945.0,0
2020-07-07 00:00:00+00:00,210.45,208.25,210.7,2020-07-07,MSFT,IEXG,24:00:00,Tuesday,214.67,207.99,93789778.0,0
2020-07-08 00:00:00+00:00,210.07,212.83,208.25,2020-07-08,MSFT,IEXG,24:00:00,Wednesday,213.26,208.69,78072929.0,0
2020-07-09 00:00:00+00:00,216.33,214.32,212.83,2020-07-09,MSFT,IEXG,24:00:00,Thursday,216.38,211.47,131674811.0,0
2020-07-10 00:00:00+00:00,213.62,213.67,214.32,2020-07-10,MSFT,IEXG,24:00:00,Friday,214.08,211.08,81795912.0,0
2020-07-13 00:00:00+00:00,214.48,207.07,213.67,2020-07-13,MSFT,IEXG,24:00:00,Monday,215.8,206.5,91382619.0,0
2020-07-14 00:00:00+00:00,206.13,208.35,207.07,2020-07-14,MSFT,IEXG,24:00:00,Tuesday,208.85,202.03,89518286.0,0
2020-07-15 00:00:00+00:00,209.56,208.04,208.35,2020-07-15,MSFT,IEXG,24:00:00,Wednesday,211.33,205.03,121703108.0,0
2020-07-16 00:00:00+00:00,205.4,203.92,208.04,2020-07-16,MSFT,IEXG,24:00:00,Thursday,205.7,202.31,120916935.0,0
2020-07-17 00:00:00+00:00,204.47,202.88,203.92,2020-07-17,MSFT,IEXG,24:00:00,Friday,205.04,201.39,118575268.0,0
2020-07-20 00:00:00+00:00,205.0,211.6,202.88,2020-07-20,MSFT,IEXG,24:00:00,Monday,212.3,203.01,98929069.0,0
2020-07-21 00:00:00+00:00,213.66,208.75,211.6,2020-07-21,MSFT,IEXG,24:00:00,Tuesday,213.94,208.03,94612219.0,0
2020-07-22 00:00:00+00:00,209.2,211.75,208.75,2020-07-22,MSFT,IEXG,24:00:00,Wednesday,212.3,205.0,130809989.0,0
2020-07-23 00:00:00+00:00,207.19,202.54,211.75,2020-07-23,MSFT,IEXG,24:00:00,Thursday,210.92,202.15,199274335.0,0
2020-07-24 00:00:00+00:00,200.42,201.3,202.54,2020-07-24,MSFT,IEXG,24:00:00,Friday,202.86,197.51,118462404.0,0
2020-07-27 00:00:00+00:00,201.47,203.85,201.3,2020-07-27,MSFT,IEXG,24:00:00,Monday,203.97,200.86,93767229.0,0
2020-07-28 00:00:00+00:00,203.61,202.02,203.85,2020-07-28,MSFT,IEXG,24:00:00,Tuesday,204.7,201.74,60068171.0,0
2020-07-29 00:00:00+00:00,202.5,204.06,202.02,2020-07-29,MSFT,IEXG,24:00:00,Wednesday,204.65,202.01,73637150.0,0
2020-07-30 00:00:00+00:00,201.0,203.9,204.06,2020-07-30,MSFT,IEXG,24:00:00,Thursday,204.46,199.57,82609190.0,0
2020-07-31 00:00:00+00:00,204.53,204.7,203.9,2020-07-31,MSFT,IEXG,19:59:00,Friday,204.74,199.05,107869689.0,0
2020-08-03 00:00:00+00:00,211.35,217.005,205.01,2020-08-03,MSFT,IEXG,19:59:00,Monday,217.62,210.0,110122610.0,0
2020-08-04 00:00:00+00:00,214.17,213.29,216.54,2020-08-04,MSFT,IEXG,24:00:00,Tuesday,214.77,210.31,139816381.0,0
2020-08-05 00:00:00+00:00,214.9,212.94,213.29,2020-08-05,MSFT,IEXG,24:00:00,Wednesday,216.3,211.57,93723897.0,0
2020-08-06 00:00:00+00:00,212.34,216.35,212.94,2020-08-06,MSFT,IEXG,24:00:00,Thursday,216.3705,211.55,119868907.0,0
2020-08-07 00:00:00+00:00,214.85,212.48,216.35,2020-08-07,MSFT,IEXG,24:00:00,Friday,215.7,210.93,67599738.0,0
2020-08-10 00:00:00+00:00,211.67,208.25,212.48,2020-08-10,MSFT,IEXG,24:00:00,Monday,211.88,206.35,167049032.0,0
2020-08-11 00:00:00+00:00,207.155,203.38,208.25,2020-08-11,MSFT,IEXG,24:00:00,Tuesday,207.65,203.14,120330663.0,0
2020-08-12 00:00:00+00:00,205.29,209.19,203.38,2020-08-12,MSFT,IEXG,24:00:00,Wednesday,210.28,204.75,82020084.0,0
2020-08-13 00:00:00+00:00,209.44,208.7,209.19,2020-08-13,MSFT,IEXG,24:00:00,Thursday,211.35,208.15,93397877.0,0
2020-08-14 00:00:00+00:00,208.76,208.9,208.7,2020-08-14,MSFT,IEXG,24:00:00,Friday,209.59,207.51,36830940.0,0
2020-08-17 00:00:00+00:00,209.6,210.28,208.9,2020-08-17,MSFT,IEXG,24:00:00,Monday,211.1874,208.915,61527458.0,0
2020-08-18 00:00:00+00:00,210.53,211.49,210.28,2020-08-18,MSFT,IEXG,24:00:00,Tuesday,212.36,209.21,67533330.0,0
2020-08-19 00:00:00+00:00,211.49,209.7,210.97689453403999,2020-08-19,MSFT,IEXG,24:00:00,Wednesday,212.1,209.25,76733327.0,0
2020-08-20 00:00:00+00:00,209.54,214.58,209.7,2020-08-20,MSFT,IEXG,24:00:00,Thursday,215.0,208.91,84262584.0,0
2020-08-21 00:00:00+00:00,213.86,213.02,214.58,2020-08-21,MSFT,IEXG,24:00:00,Friday,216.25,212.85,94186350.0,0
2020-08-24 00:00:00+00:00,214.79,213.69,213.02,2020-08-24,MSFT,IEXG,24:00:00,Monday,215.52,212.43,147468945.0,0
2020-08-25 00:00:00+00:00,213.1,216.47,213.69,2020-08-25,MSFT,IEXG,24:00:00,Tuesday,216.61,213.1,89149915.0,0
2020-08-26 00:00:00+00:00,217.88,221.15,216.47,2020-08-26,MSFT,IEXG,24:00:00,Wednesday,222.09,217.36,142336564.0,0
2020-08-27 00:00:00+00:00,222.89,226.58,221.15,2020-08-27,MSFT,IEXG,24:00:00,Thursday,231.15,219.4,263376088.0,0
2020-08-28 00:00:00+00:00,228.08,229.0,226.58,2020-08-28,MSFT,IEXG,19:59:00,Friday,230.63,226.725,53438128.0,0
2020-08-31 00:00:00+00:00,227.0,225.53,228.91,2020-08-31,MSFT,IEXG,24:00:00,Monday,228.7,224.31,109829137.0,0
2020-09-01 00:00:00+00:00,225.51,227.27,225.53,2020-09-01,MSFT,IEXG,24:00:00,Tuesday,227.45,224.43,105029979.0,0
2020-09-02 00:00:00+00:00,227.97,231.65,227.27,2020-09-02,MSFT,IEXG,24:00:00,Wednesday,232.86,227.35,83204687.0,0
2020-09-03 00:00:00+00:00,229.27,217.3,231.65,2020-09-03,MSFT,IEXG,24:00:00,Thursday,229.31,214.9602,168013253.0,0
2020-09-04 00:00:00+00:00,215.1,214.25,217.3,2020-09-04,MSFT,IEXG,24:00:00,Friday,218.3599,205.19,159578968.0,0
2020-09-07 00:00:00+00:00,204.53512944369103,206.5732050905357,218.30428980792743,2020-09-07,MSFT,IEXG,,,211.68341295603312,199.21847394099288,207578121.889026,1
2020-09-08 00:00:00+00:00,206.5,202.66,214.25,2020-09-08,MSFT,IEXG,24:00:00,Tuesday,210.03,202.2,218645825.0,0
2020-09-09 00:00:00+00:00,207.5,211.415,202.66,2020-09-09,MSFT,IEXG,19:59:00,Wednesday,214.82,206.685,102618543.0,0
2020-09-10 00:00:00+00:00,213.4,205.37,211.29,2020-09-10,MSFT,IEXG,24:00:00,Thursday,214.74,204.11,61775951.0,0
2020-09-11 00:00:00+00:00,207.2,204.03,205.37,2020-09-11,MSFT,IEXG,24:00:00,Friday,208.63,201.24,71705068.0,0
2020-09-14 00:00:00+00:00,204.24,205.41,204.03,2020-09-14,MSFT,IEXG,24:00:00,Monday,209.2,204.03,87331329.0,0
2020-09-15 00:00:00+00:00,208.22,208.76,205.41,2020-09-15,MSFT,IEXG,19:59:00,Tuesday,209.665,207.0,33879083.0,0
2020-09-16 00:00:00+00:00,210.62,205.05,208.78,2020-09-16,MSFT,IEXG,24:00:00,Wednesday,210.65,204.64,65865636.0,0
2020-09-17 00:00:00+00:00,200.05,202.91,205.05,2020-09-17,MSFT,IEXG,24:00:00,Thursday,204.33,199.96,109562573.0,0
2020-09-18 00:00:00+00:00,202.8,200.39,202.91,2020-09-18,MSFT,IEXG,24:00:00,Friday,203.65,196.25,134038161.0,0
2020-09-21 00:00:00+00:00,197.19,202.54,200.39,2020-09-21,MSFT,IEXG,24:00:00,Monday,202.71,196.38,116477225.0,0
2020-09-22 00:00:00+00:00,205.06,207.42,202.54,2020-09-22,MSFT,IEXG,24:00:00,Tuesday,208.1,202.075,127802016.0,0
2020-09-23 00:00:00+00:00,207.9,200.59,207.42,2020-09-23,MSFT,IEXG,24:00:00,Wednesday,208.1,200.03,73191024.0,0
2020-09-24 00:00:00+00:00,199.85,203.19,200.59,2020-09-24,MSFT,IEXG,24:00:00,Thursday,205.57,199.2,86929191.0,0
2020-09-25 00:00:00+00:00,203.55,207.82,203.19,2020-09-25,MSFT,IEXG,24:00:00,Friday,209.04,202.54,99229930.0,0
2020-09-28 00:00:00+00:00,210.88,209.44,207.82,2020-09-28,MSFT,IEXG,24:00:00,Monday,212.57,208.06,102923620.0,0
2020-09-29 00:00:00+00:00,209.35,207.26,209.44,2020-09-29,MSFT,IEXG,24:00:00,Tuesday,210.07,206.81,164378860.0,0
2020-09-30 00:00:00+00:00,207.73,210.33,207.26,2020-09-30,MSFT,IEXG,24:00:00,Wednesday,211.98,206.54,71118454.0,0
2020-10-01 00:00:00+00:00,213.49,212.46,210.33,2020-10-01,MSFT,IEXG,24:00:00,Thursday,213.99,211.32,170869771.0,0
2020-10-02 00:00:00+00:00,208.0,206.19,212.46,2020-10-02,MSFT,IEXG,24:00:00,Friday,210.99,205.54,158109563.0,0
2020-10-05 00:00:00+00:00,207.22,210.38,206.19,2020-10-05,MSFT,IEXG,24:00:00,Monday,210.41,206.98,109053344.0,0
2020-10-06 00:00:00+00:00,208.82,205.91,210.38,2020-10-06,MSFT,IEXG,24:00:00,Tuesday,210.18,204.82,137307820.0,0
2020-10-07 00:00:00+00:00,207.06,209.83,205.91,2020-10-07,MSFT,IEXG,24:00:00,Wednesday,210.11,206.72,128897804.0,0
2020-10-08 00:00:00+00:00,210.51,210.58,209.83,2020-10-08,MSFT,IEXG,24:00:00,Thursday,211.19,208.32,131804116.0,0
2020-10-09 00:00:00+00:00,211.23,215.81,210.58,2020-10-09,MSFT,IEXG,24:00:00,Friday,215.86,211.23,187196955.0,0
2020-10-12 00:00:00+00:00,218.79,221.4,215.81,2020-10-12,MSFT,IEXG,24:00:00,Monday,223.86,216.81,266543149.0,0
2020-10-13 00:00:00+00:00,222.72,222.86,221.4,2020-10-13,MSFT,IEXG,24:00:00,Tuesday,225.21,220.43,163242352.0,0
2020-10-14 00:00:00+00:00,223.13,220.7,222.86,2020-10-14,MSFT,IEXG,19:59:00,Wednesday,224.21,219.13,108433847.0,0
2020-10-15 00:00:00+00:00,217.1,219.66,220.86,2020-10-15,MSFT,IEXG,24:00:00,Thursday,220.36,216.01,129779150.0,0
2020-10-16 00:00:00+00:00,220.16,219.69,219.66,2020-10-16,MSFT,IEXG,19:59:00,Friday,222.29,219.32,110741111.0,0
2020-10-19 00:00:00+00:00,214.29,214.29,214.29,2020-10-19,MSFT,IEXG,24:00:00,Monday,222.28,213.72,0.0,0
2020-10-20 00:00:00+00:00,214.495,214.495,214.495,2020-10-20,MSFT,IEXG,24:00:00,Tuesday,217.33,213.1,0.0,0
2020-10-21 00:00:00+00:00,213.12,214.8,214.65,2020-10-21,MSFT,IEXG,24:00:00,Wednesday,216.955,213.12,22724906.0,0
2020-10-22 00:00:00+00:00,213.93,214.89,214.8,2020-10-22,MSFT,IEXG,24:00:00,Thursday,216.055,211.7,125156324.0,0
2020-10-23 00:00:00+00:00,215.03,216.23,214.89,2020-10-23,MSFT,IEXG,24:00:00,Friday,216.28,213.16,134391869.0,0
2020-10-26 00:00:00+00:00,213.85,210.08,216.23,2020-10-26,MSFT,IEXG,24:00:00,Monday,216.3399,208.1,233598149.0,0
2020-10-27 00:00:00+00:00,213.235,213.235,213.235,2020-10-27,MSFT,IEXG,24:00:00,Tuesday,214.74,210.33,158743499.0,0
2020-10-28 00:00:00+00:00,202.295,202.295,202.295,2020-10-28,MSFT,IEXG,24:00:00,Wednesday,208.84,202.11,357498064.0,0
2020-10-29 00:00:00+00:00,204.11,205.02,202.68,2020-10-29,MSFT,IEXG,19:59:00,Thursday,207.34,203.39,141333878.0,0
2020-10-30 00:00:00+00:00,203.5,202.47,204.72,2020-10-30,MSFT,IEXG,24:00:00,Friday,204.29,199.62,234575360.0,0
2020-11-02 00:00:00+00:00,204.29,202.33,202.47,2020-11-02,MSFT,IEXG,26:00:00,Monday,205.28,200.12,232147944.0,0
2020-11-03 00:00:00+00:00,203.89,206.43,202.33,2020-11-03,MSFT,IEXG,26:00:00,Tuesday,208.12,203.12,167680342.0,0
2020-11-04 00:00:00+00:00,214.02,216.39,206.43,2020-11-04,MSFT,IEXG,26:00:00,Wednesday,218.32,212.41,256529277.0,0
2020-11-05 00:00:00+00:00,222.04,223.29,216.39,2020-11-05,MSFT,IEXG,26:00:00,Thursday,224.12,221.15,232581634.0,0
2020-11-06 00:00:00+00:00,222.26,223.72,223.29,2020-11-06,MSFT,IEXG,26:00:00,Friday,224.36,218.03,148358991.0,0
2020-11-09 00:00:00+00:00,224.435,218.39,223.72,2020-11-09,MSFT,IEXG,26:00:00,Monday,228.12,217.88,229027668.0,0
2020-11-10 00:00:00+00:00,214.5,211.01,218.39,2020-11-10,MSFT,IEXG,26:00:00,Tuesday,216.53,209.72,399536618.0,0
2020-11-11 00:00:00+00:00,212.39,216.55,211.01,2020-11-11,MSFT,IEXG,26:00:00,Wednesday,218.04,212.2,217646394.0,0
2020-11-12 00:00:00+00:00,217.21,215.44,216.55,2020-11-12,MSFT,IEXG,26:00:00,Thursday,219.11,214.46,126866025.0,0
2020-11-13 00:00:00+00:00,216.36,216.51,215.44,2020-11-13,MSFT,IEXG,26:00:00,Friday,217.42,214.16,110338169.0,0
2020-11-16 00:00:00+00:00,214.87,217.23,216.51,2020-11-16,MSFT,IEXG,26:00:00,Monday,217.74,214.52,151731898.0,0
2020-11-17 00:00:00+00:00,216.1,214.46,217.23,2020-11-17,MSFT,IEXG,26:00:00,Tuesday,217.68,214.08,112798848.0,0
2020-11-18 00:00:00+00:00,213.65,211.08,213.89253827254,2020-11-18,MSFT,IEXG,26:00:00,Wednesday,215.17,210.93,160142613.0,0
2020-11-19 00:00:00+00:00,211.38,212.42,211.08,2020-11-19,MSFT,IEXG,26:00:00,Thursday,213.03,209.93,129697504.0,0
2020-11-20 00:00:00+00:00,212.2,210.39,212.42,2020-11-20,MSFT,IEXG,26:00:00,Friday,213.285,210.0,110653074.0,0
2020-11-23 00:00:00+00:00,210.95,210.11,210.39,2020-11-23,MSFT,IEXG,26:00:00,Monday,212.29,208.16,139854831.0,0
2020-11-24 00:00:00+00:00,209.59,213.86,210.11,2020-11-24,MSFT,IEXG,26:00:00,Tuesday,214.25,208.86,155921009.0,0
2020-11-25 00:00:00+00:00,215.11,213.87,213.86,2020-11-25,MSFT,IEXG,26:00:00,Wednesday,215.29,212.46,104643865.0,0
2020-11-26 00:00:00+00:00,214.43969255385585,214.5836578539441,213.95979390927903,2020-11-26,MSFT,IEXG,,,215.1769947903101,215.61104308617573,35285915.03876282,1
2020-11-27 00:00:00+00:00,214.85,215.23,213.87,2020-11-27,MSFT,IEXG,26:00:00,Friday,216.27,214.04,45793388.0,0
2020-11-30 00:00:00+00:00,214.1,214.07,215.23,2020-11-30,MSFT,IEXG,26:00:00,Monday,215.14,210.835,177114148.0,0
2020-12-01 00:00:00+00:00,214.51,216.21,214.07,2020-12-01,MSFT,IEXG,26:00:00,Tuesday,217.32,213.35,184735180.0,0
2020-12-02 00:00:00+00:00,214.88,215.37,216.21,2020-12-02,MSFT,IEXG,26:00:00,Wednesday,215.48,212.8,218412353.0,0
2020-12-03 00:00:00+00:00,214.61,214.24,215.37,2020-12-03,MSFT,IEXG,26:00:00,Thursday,216.3757,213.65,135482951.0,0
2020-12-04 00:00:00+00:00,214.22,214.36,214.24,2020-12-04,MSFT,IEXG,26:00:00,Friday,215.38,213.18,139261767.0,0
2020-12-07 00:00:00+00:00,214.37,214.29,214.36,2020-12-07,MSFT,IEXG,26:00:00,Monday,215.54,212.99,119761812.0,0
2020-12-08 00:00:00+00:00,213.97,216.01,214.29,2020-12-08,MSFT,IEXG,26:00:00,Tuesday,216.97,212.89,118254608.0,0
2020-12-09 00:00:00+00:00,215.16,211.8,216.01,2020-12-09,MSFT,IEXG,26:00:00,Wednesday,215.85,211.21400000000003,148315307.0,0
2020-12-10 00:00:00+00:00,211.77,210.52,211.8,2020-12-10,MSFT,IEXG,26:00:00,Thursday,213.08,210.36,127248232.0,0
2020-12-11 00:00:00+00:00,210.05,213.26,210.52,2020-12-11,MSFT,IEXG,26:00:00,Friday,213.32,209.11,124943314.0,0
2020-12-14 00:00:00+00:00,213.1,214.2,213.26,2020-12-14,MSFT,IEXG,26:00:00,Monday,216.21,212.88,170627420.0,0
2020-12-15 00:00:00+00:00,215.165,214.13,214.2,2020-12-15,MSFT,IEXG,26:00:00,Tuesday,215.42,212.24,236189133.0,0
2020-12-16 00:00:00+00:00,214.75,219.28,214.13,2020-12-16,MSFT,IEXG,26:00:00,Wednesday,220.11,214.48,138857904.0,0
2020-12-17 00:00:00+00:00,219.87,219.42,219.28,2020-12-17,MSFT,IEXG,26:00:00,Thursday,220.89,217.92,161394364.0,0
2020-12-18 00:00:00+00:00,218.59,218.59,219.42,2020-12-18,MSFT,IEXG,26:00:00,Friday,219.69,216.02,189724758.0,0
2020-12-21 00:00:00+00:00,217.55,222.59,218.59,2020-12-21,MSFT,IEXG,26:00:00,Monday,224.0,216.78,197069538.0,0
2020-12-22 00:00:00+00:00,222.69,223.94,222.59,2020-12-22,MSFT,IEXG,26:00:00,Tuesday,225.63,221.85,125208085.0,0
2020-12-23 00:00:00+00:00,223.11,221.02,223.94,2020-12-23,MSFT,IEXG,26:00:00,Wednesday,223.99,220.8,90159000.0,0
2020-12-24 00:00:00+00:00,221.42,222.75,221.02,2020-12-24,MSFT,IEXG,26:00:00,Thursday,223.61,221.2,31145729.0,0
2020-12-25 00:00:00+00:00,221.8956668384506,224.2789095488861,220.8119058635701,2020-12-25,MSFT,IEXG,,,223.66552540502806,223.0362077618303,41942747.63724671,1
2020-12-28 00:00:00+00:00,224.45,224.96,222.75,2020-12-28,MSFT,IEXG,26:00:00,Monday,226.03,223.02,75555408.0,0
2020-12-29 00:00:00+00:00,226.31,224.15,224.96,2020-12-29,MSFT,IEXG,26:00:00,Tuesday,227.18,223.58,76049090.0,0
2020-12-30 00:00:00+00:00,225.23,221.68,224.15,2020-12-30,MSFT,IEXG,26:00:00,Wednesday,225.63,221.47,91007926.0,0
2020-12-31 00:00:00+00:00,221.7,222.42,221.68,2020-12-31,MSFT,IEXG,26:00:00,Thursday,223.0,219.68,84368519.0,0
2021-01-01 00:00:00+00:00,225.07045971962205,218.6806693889054,221.35606945347405,2021-01-01,MSFT,IEXG,,,225.32543480239863,217.98889109894367,127605047.13012958,1
2021-01-04 00:00:00+00:00,222.53,217.69,222.42,2021-01-04,MSFT,IEXG,26:00:00,Monday,223.1,214.81,149692177.0,0
2021-01-05 00:00:00+00:00,217.26,217.9,217.69,2021-01-05,MSFT,IEXG,26:00:00,Tuesday,218.52,215.7,104754736.0,0
2021-01-06 00:00:00+00:00,212.17,212.25,217.9,2021-01-06,MSFT,IEXG,26:00:00,Wednesday,216.4899,211.94,175811307.0,0
2021-01-07 00:00:00+00:00,214.04,218.29,212.25,2021-01-07,MSFT,IEXG,26:00:00,Thursday,219.345,213.71,139233677.0,0
2021-01-08 00:00:00+00:00,218.68,219.62,218.29,2021-01-08,MSFT,IEXG,26:00:00,Friday,220.58,217.0261,129448956.0,0
2021-01-11 00:00:00+00:00,218.47,217.49,219.62,2021-01-11,MSFT,IEXG,26:00:00,Monday,218.91,216.73,109861733.0,0
2021-01-12 00:00:00+00:00,216.5,214.93,217.49,2021-01-12,MSFT,IEXG,26:00:00,Tuesday,217.67,213.3202,145951956.0,0
2021-01-13 00:00:00+00:00,214.02,216.34,214.93,2021-01-13,MSFT,IEXG,26:00:00,Wednesday,216.76,213.81,142832126.0,0
2021-01-14 00:00:00+00:00,215.91,213.02,216.34,2021-01-14,MSFT,IEXG,26:00:00,Thursday,217.46,212.74,117751857.0,0
2021-01-15 00:00:00+00:00,213.52,212.65,213.02,2021-01-15,MSFT,IEXG,26:00:00,Friday,214.51,212.03,151241937.0,0
2021-01-18 00:00:00+00:00,211.50200160204145,210.6283311975277,210.63335347783436,2021-01-18,MSFT,IEXG,,,214.23063817744756,210.9098671937776,120785665.81867832,1
2021-01-19 00:00:00+00:00,213.75,216.44,212.65,2021-01-19,MSFT,IEXG,26:00:00,Tuesday,216.98,212.63,134487445.0,0
2021-01-20 00:00:00+00:00,217.7,224.34,216.44,2021-01-20,MSFT,IEXG,26:00:00,Wednesday,225.79,217.2908,269677656.0,0
2021-01-21 00:00:00+00:00,224.7,224.97,224.34,2021-01-21,MSFT,IEXG,26:00:00,Thursday,226.3,222.42,253842235.0,0
2021-01-22 00:00:00+00:00,227.08,225.95,224.97,2021-01-22,MSFT,IEXG,26:00:00,Friday,230.07,225.62,288307490.0,0
2021-01-25 00:00:00+00:00,229.12,229.53,225.95,2021-01-25,MSFT,IEXG,26:00:00,Monday,229.78,224.22,180869797.0,0
2021-01-26 00:00:00+00:00,231.86,232.33,229.53,2021-01-26,MSFT,IEXG,26:00:00,Tuesday,234.18,230.08,294081197.0,0
2021-01-27 00:00:00+00:00,238.0,232.9,232.33,2021-01-27,MSFT,IEXG,26:00:00,Wednesday,240.44,230.14,456232224.0,0
2021-01-28 00:00:00+00:00,235.61,238.93,232.9,2021-01-28,MSFT,IEXG,26:00:00,Thursday,242.645,229.32,368262084.0,0
2021-01-29 00:00:00+00:00,235.99,231.96,238.93,2021-01-29,MSFT,IEXG,26:00:00,Friday,238.02,231.35,262279342.0,0
2021-02-01 00:00:00+00:00,235.06,239.65,231.96,2021-02-01,MSFT,IEXG,26:00:00,Monday,242.5,232.43,215403874.0,0
2021-02-02 00:00:00+00:00,241.3,239.51,239.65,2021-02-02,MSFT,IEXG,26:00:00,Tuesday,242.31,238.69,206909517.0,0
2021-02-03 00:00:00+00:00,239.57,243.0,239.51,2021-02-03,MSFT,IEXG,26:00:00,Wednesday,245.09,239.16,135597552.0,0
2021-02-04 00:00:00+00:00,242.66,242.01,243.0,2021-02-04,MSFT,IEXG,26:00:00,Thursday,244.14,240.37,167243831.0,0
2021-02-05 00:00:00+00:00,242.23,242.2,242.01,2021-02-05,MSFT,IEXG,26:00:00,Friday,243.28,240.42,104101121.0,0
2021-02-08 00:00:00+00:00,243.15,242.47,242.2,2021-02-08,MSFT,IEXG,26:00:00,Monday,243.68,240.81,101495548.0,0
2021-02-09 00:00:00+00:00,241.87,243.77,242.47,2021-02-09,MSFT,IEXG,26:00:00,Tuesday,244.76,241.38,112788679.0,0
2021-02-10 00:00:00+00:00,245.0,242.82,243.77,2021-02-10,MSFT,IEXG,26:00:00,Wednesday,245.92,240.89,140879621.0,0
2021-02-11 00:00:00+00:00,244.78,244.49,242.82,2021-02-11,MSFT,IEXG,26:00:00,Thursday,245.15,242.15,97396046.0,0
2021-02-12 00:00:00+00:00,243.9332,244.99,244.49,2021-02-12,MSFT,IEXG,26:00:00,Friday,245.3,242.73,99480182.0,0
2021-02-15 00:00:00+00:00,245.21113667419903,244.8539544149456,244.25056637970798,2021-02-15,MSFT,IEXG,,,245.7318841880719,242.66603083075162,117953208.09130296,1
2021-02-16 00:00:00+00:00,245.03,243.7,244.99,2021-02-16,MSFT,IEXG,26:00:00,Tuesday,246.13,242.92,128965888.0,0
2021-02-17 00:00:00+00:00,241.32,244.2,243.14242523288,2021-02-17,MSFT,IEXG,26:00:00,Wednesday,244.31,240.94,114177820.0,0
2021-02-18 00:00:00+00:00,241.8,243.79,244.2,2021-02-18,MSFT,IEXG,26:00:00,Thursday,243.93,240.86,78039178.0,0
2021-02-19 00:00:00+00:00,243.75,240.97,243.79,2021-02-19,MSFT,IEXG,26:00:00,Friday,244.66,240.18,159757381.0,0
2021-02-22 00:00:00+00:00,237.42,234.51,240.97,2021-02-22,MSFT,IEXG,26:00:00,Monday,237.955,232.4,285132799.0,0
2021-02-23 00:00:00+00:00,230.325,233.27,234.51,2021-02-23,MSFT,IEXG,26:00:00,Tuesday,234.83,228.73,164578280.0,0
2021-02-24 00:00:00+00:00,230.01,234.55,233.27,2021-02-24,MSFT,IEXG,26:00:00,Wednesday,235.2,229.0,144291398.0,0
2021-02-25 00:00:00+00:00,232.08,228.99,234.55,2021-02-25,MSFT,IEXG,26:00:00,Thursday,234.5852,227.88,186899719.0,0
2021-02-26 00:00:00+00:00,231.525,232.38,228.99,2021-02-26,MSFT,IEXG,26:00:00,Friday,235.37,228.59,131052270.0,0
2021-03-01 00:00:00+00:00,237.34,236.65,232.38,2021-03-01,MSFT,IEXG,26:00:00,Monday,237.46,233.15,105571767.0,0
2021-03-02 00:00:00+00:00,233.9,234.15,236.94,2021-03-02,MSFT,IEXG,26:00:00,Tuesday,237.34,233.465,86076344.0,0
2021-03-03 00:00:00+00:00,227.56,227.71,233.87,2021-03-03,MSFT,IEXG,26:00:00,Wednesday,234.78,227.29,160587542.0,0
2021-03-04 00:00:00+00:00,227.05,226.37,227.56,2021-03-04,MSFT,IEXG,26:00:00,Thursday,232.485,224.265,165095365.0,0
2021-03-05 00:00:00+00:00,231.78,232.84,226.73,2021-03-05,MSFT,IEXG,26:00:00,Friday,233.26,225.01,138211561.0,0
2021-03-08 00:00:00+00:00,227.42,227.96,231.6,2021-03-08,MSFT,IEXG,26:00:00,Monday,233.35,227.175,144042055.0,0
2021-03-09 00:00:00+00:00,233.91,233.82,227.39,2021-03-09,MSFT,IEXG,26:00:00,Tuesday,235.37,231.64,110665695.0,0
2021-03-10 00:00:00+00:00,232.14,232.795,233.78,2021-03-10,MSFT,IEXG,26:00:00,Wednesday,236.95,232.05,118231777.0,0
2021-03-11 00:00:00+00:00,237.16,237.16,237.16,2021-03-11,MSFT,IEXG,26:00:00,Thursday,239.155,234.31,0.0,0
2021-03-12 00:00:00+00:00,235.74,235.74,235.74,2021-03-12,MSFT,IEXG,26:00:00,Friday,235.74,233.23,0.0,0
2021-03-15 00:00:00+00:00,234.92,235.0,235.75,2021-03-15,MSFT,IEXG,24:00:00,Monday,236.5,231.81,122715105.0,0
2021-03-16 00:00:00+00:00,237.87,237.94,234.81,2021-03-16,MSFT,IEXG,24:00:00,Tuesday,240.06,235.57,135690635.0,0
2021-03-17 00:00:00+00:00,237.0,236.98,237.71,2021-03-17,MSFT,IEXG,24:00:00,Wednesday,238.54,233.25,98991311.0,0
2021-03-18 00:00:00+00:00,230.94,230.94,237.04,2021-03-18,MSFT,IEXG,24:00:00,Thursday,234.18,230.35,135253728.0,0
2021-03-19 00:00:00+00:00,230.2,230.26,230.72,2021-03-19,MSFT,IEXG,24:00:00,Friday,232.45,229.35,101838526.0,0
2021-03-22 00:00:00+00:00,236.0,236.0,230.35,2021-03-22,MSFT,IEXG,24:00:00,Monday,236.885,230.38,116892604.0,0
2021-03-23 00:00:00+00:00,237.19,237.31,235.99,2021-03-23,MSFT,IEXG,24:00:00,Tuesday,241.055,236.16,106670222.0,0
2021-03-24 00:00:00+00:00,235.4,235.63,237.58,2021-03-24,MSFT,IEXG,24:00:00,Wednesday,239.08,235.34,127089086.0,0
2021-03-25 00:00:00+00:00,232.26,232.35,235.46,2021-03-25,MSFT,IEXG,24:00:00,Thursday,236.92,231.58,129476465.0,0
2021-03-26 00:00:00+00:00,236.41,236.0,232.34,2021-03-26,MSFT,IEXG,24:00:00,Friday,236.475,230.64,117641631.0,0
2021-03-29 00:00:00+00:00,235.24,233.19,236.48,2021-03-29,MSFT,IEXG,24:00:00,Monday,236.77,231.885,12608267.0,0
2021-03-30 00:00:00+00:00,232.11,232.11,232.11,2021-03-30,MSFT,IEXG,24:00:00,Tuesday,233.85,231.12,0.0,0
2021-03-31 00:00:00+00:00,235.97,235.97,235.97,2021-03-31,MSFT,IEXG,24:00:00,Wednesday,239.08,232.41,0.0,0
2021-04-01 00:00:00+00:00,242.47,242.56,235.77,2021-04-01,MSFT,IEXG,24:00:00,Thursday,242.625,238.06,112970798.0,0
2021-04-02 00:00:00+00:00,246.27916518191586,246.42947507056027,233.11785625216885,2021-04-02,MSFT,IEXG,,,246.71050790659547,240.0337621681672,179528089.93205717,1
2021-04-05 00:00:00+00:00,249.07,249.25,242.35,2021-04-05,MSFT,IEXG,24:00:00,Monday,249.975,242.03,163100088.0,0
2021-04-06 00:00:00+00:00,247.88,247.79,249.07,2021-04-06,MSFT,IEXG,24:00:00,Tuesday,249.395,246.895,84844245.0,0
2021-04-07 00:00:00+00:00,249.97,249.92,247.86,2021-04-07,MSFT,IEXG,24:00:00,Wednesday,250.92,247.19,82332209.0,0
2021-04-08 00:00:00+00:00,253.32,252.95,249.9,2021-04-08,MSFT,IEXG,24:00:00,Thursday,254.14,251.92,57161621.0,0
2021-04-09 00:00:00+00:00,255.945,255.945,253.25,2021-04-09,MSFT,IEXG,24:00:00,Friday,255.945,252.0,77611144.0,0
2021-04-12 00:00:00+00:00,255.9,255.96,255.85,2021-04-12,MSFT,IEXG,24:00:00,Monday,257.665,254.62,113204829.0,0
2021-04-13 00:00:00+00:00,258.32,258.46,255.91,2021-04-13,MSFT,IEXG,24:00:00,Tuesday,259.165,255.91,60155427.0,0
2021-04-14 00:00:00+00:00,255.99,255.99,258.49,2021-04-14,MSFT,IEXG,24:00:00,Wednesday,259.75,255.155,53220778.0,0
2021-04-15 00:00:00+00:00,259.51,259.18,255.59,2021-04-15,MSFT,IEXG,24:00:00,Thursday,259.92,257.71,93550605.0,0
2021-04-16 00:00:00+00:00,260.57,260.87,259.5,2021-04-16,MSFT,IEXG,24:00:00,Friday,260.915,257.66,80809041.0,0
2021-04-19 00:00:00+00:00,258.88,258.5,260.74,2021-04-19,MSFT,IEXG,24:00:00,Monday,261.475,257.83,87892647.0,0
2021-04-20 00:00:00+00:00,258.0,258.26,258.74,2021-04-20,MSFT,IEXG,24:00:00,Tuesday,260.18,256.845,80258490.0,0
2021-04-21 00:00:00+00:00,260.55,260.51,258.26,2021-04-21,MSFT,IEXG,24:00:00,Wednesday,260.64,257.28,91881040.0,0
2021-04-22 00:00:00+00:00,257.2,257.2,260.58,2021-04-22,MSFT,IEXG,24:00:00,Thursday,261.71,255.65,94613017.0,0
2021-04-23 00:00:00+00:00,261.12,261.15,257.17,2021-04-23,MSFT,IEXG,24:00:00,Friday,261.505,257.33,83341950.0,0
2021-04-26 00:00:00+00:00,261.62,261.62,261.15,2021-04-26,MSFT,IEXG,24:00:00,Monday,262.4,260.44,70747642.0,0
2021-04-27 00:00:00+00:00,261.92,254.125,261.55,2021-04-27,MSFT,IEXG,24:00:00,Tuesday,263.18,252.0,218002084.0,0
2021-04-28 00:00:00+00:00,256.078,254.56,261.97,2021-04-28,MSFT,IEXG,24:00:00,Wednesday,256.62,252.95,264416528.0,0
2021-04-29 00:00:00+00:00,252.465,252.34,254.56,2021-04-29,MSFT,IEXG,24:00:00,Thursday,256.09,249.0,218494645.0,0
2021-04-30 00:00:00+00:00,252.12,252.12,252.51,2021-04-30,MSFT,IEXG,24:00:00,Friday,253.085,249.65,99050935.0,0
2021-05-03 00:00:00+00:00,251.92,251.69,252.18,2021-05-03,MSFT,IEXG,24:00:00,Monday,254.35,251.13,100436316.0,0
2021-05-04 00:00:00+00:00,247.7,247.71,251.86,2021-05-04,MSFT,IEXG,24:00:00,Tuesday,251.155,245.76,116234969.0,0
2021-05-05 00:00:00+00:00,246.55,246.43,247.79,2021-05-05,MSFT,IEXG,24:00:00,Wednesday,249.49,245.825,61715435.0,0
2021-05-06 00:00:00+00:00,246.45,249.73,246.47,2021-05-06,MSFT,IEXG,24:00:00,Thursday,249.86,244.69,111649720.0,0
2021-05-07 00:00:00+00:00,252.45,252.45,249.73,2021-05-07,MSFT,IEXG,24:00:00,Friday,254.28,250.0,100311349.0,0
2021-05-10 00:00:00+00:00,247.33,247.32,252.46,2021-05-10,MSFT,IEXG,24:00:00,Monday,251.73,247.14,64238140.0,0
2021-05-11 00:00:00+00:00,246.23,246.425,247.18,2021-05-11,MSFT,IEXG,24:00:00,Tuesday,246.595,242.58,192924518.0,0
2021-05-12 00:00:00+00:00,239.035,239.035,246.23,2021-05-12,MSFT,IEXG,24:00:00,Wednesday,245.65,238.11,110620735.0,0
2021-05-13 00:00:00+00:00,242.92,242.92,239.0,2021-05-13,MSFT,IEXG,24:00:00,Thursday,245.57,240.36,130794666.0,0
2021-05-14 00:00:00+00:00,248.14,248.14,243.03,2021-05-14,MSFT,IEXG,24:00:00,Friday,249.18,245.02,67227902.0,0
2021-05-17 00:00:00+00:00,245.16,245.08,248.15,2021-05-17,MSFT,IEXG,24:00:00,Monday,247.24,243.53,64046849.0,0
2021-05-18 00:00:00+00:00,242.99,243.19,245.18,2021-05-18,MSFT,IEXG,24:00:00,Tuesday,246.84,242.9,66605761.0,0
2021-05-19 00:00:00+00:00,243.17,242.88,243.08,2021-05-19,MSFT,IEXG,24:00:00,Wednesday,243.21,238.735,86329671.0,0
2021-05-20 00:00:00+00:00,246.34,246.42,243.12,2021-05-20,MSFT,IEXG,24:00:00,Thursday,247.945,242.95,48794472.0,0
2021-05-21 00:00:00+00:00,245.1,244.88,246.48,2021-05-21,MSFT,IEXG,24:00:00,Friday,248.3,244.745,83138429.0,0
2021-05-24 00:00:00+00:00,250.88,250.88,245.17,2021-05-24,MSFT,IEXG,24:00:00,Monday,251.16,246.58,111589896.0,0
2021-05-25 00:00:00+00:00,251.69,251.66,250.78,2021-05-25,MSFT,IEXG,24:00:00,Tuesday,252.67,250.825,61721207.0,0
2021-05-26 00:00:00+00:00,251.46,251.35,251.72,2021-05-26,MSFT,IEXG,24:00:00,Wednesday,252.91,250.78,57977717.0,0
2021-05-27 00:00:00+00:00,249.39,249.78,251.49,2021-05-27,MSFT,IEXG,24:00:00,Thursday,251.45,249.265,60028424.0,0
2021-05-28 00:00:00+00:00,249.64,249.82,249.31,2021-05-28,MSFT,IEXG,24:00:00,Friday,252.075,249.59,89670812.0,0
2021-05-31 00:00:00+00:00,248.14158536870082,248.2122929224976,249.57757590745223,2021-05-31,MSFT,IEXG,,,251.35312212791743,248.46362144969825,101619900.23805667,1
2021-06-01 00:00:00+00:00,247.25,247.02,249.68,2021-06-01,MSFT,IEXG,24:00:00,Tuesday,251.35,246.99,89101929.0,0
2021-06-02 00:00:00+00:00,247.43,247.23,247.4,2021-06-02,MSFT,IEXG,24:00:00,Wednesday,249.255,245.85,66274112.0,0
2021-06-03 00:00:00+00:00,245.76,245.79,247.3,2021-06-03,MSFT,IEXG,24:00:00,Thursday,246.34,243.0,87472850.0,0
2021-06-04 00:00:00+00:00,250.64,250.655,245.71,2021-06-04,MSFT,IEXG,24:00:00,Friday,251.65,245.86,69073362.0,0
2021-06-07 00:00:00+00:00,253.905,253.98,250.79,2021-06-07,MSFT,IEXG,24:00:00,Monday,254.07,249.64,81413206.0,0
2021-06-08 00:00:00+00:00,252.61,252.64,253.81,2021-06-08,MSFT,IEXG,24:00:00,Tuesday,255.96,252.52,62956127.0,0
2021-06-09 00:00:00+00:00,253.46,253.62,252.57,2021-06-09,MSFT,IEXG,24:00:00,Wednesday,255.52,253.21,63543021.0,0
2021-06-10 00:00:00+00:00,257.25,257.31,253.59,2021-06-10,MSFT,IEXG,24:00:00,Thursday,257.455,252.53,84006200.0,0
2021-06-11 00:00:00+00:00,257.85,257.85,257.24,2021-06-11,MSFT,IEXG,24:00:00,Friday,258.48,256.61,58069445.0,0
2021-06-14 00:00:00+00:00,259.84,259.645,257.89,2021-06-14,MSFT,IEXG,24:00:00,Monday,259.86,256.8,58528015.0,0
2021-06-15 00:00:00+00:00,258.37,258.15,259.89,2021-06-15,MSFT,IEXG,24:00:00,Tuesday,260.2,257.68,47387847.0,0
2021-06-16 00:00:00+00:00,257.47,257.29,258.36,2021-06-16,MSFT,IEXG,24:00:00,Wednesday,260.58,254.435,73303976.0,0
2021-06-17 00:00:00+00:00,260.9,261.235,257.38,2021-06-17,MSFT,IEXG,24:00:00,Thursday,261.75,255.55,107896124.0,0
2021-06-18 00:00:00+00:00,259.275,259.86,260.9,2021-06-18,MSFT,IEXG,24:00:00,Friday,262.29,258.85,116477311.0,0
2021-06-21 00:00:00+00:00,262.87,262.875,259.43,2021-06-21,MSFT,IEXG,24:00:00,Monday,263.5,257.93,91986110.0,0
2021-06-22 00:00:00+00:00,265.43,265.73,262.63,2021-06-22,MSFT,IEXG,24:00:00,Tuesday,265.8,262.42,68087141.0,0
2021-06-23 00:00:00+00:00,265.26,265.17,265.51,2021-06-23,MSFT,IEXG,24:00:00,Wednesday,266.83,264.44,64791045.0,0
2021-06-24 00:00:00+00:00,266.66,267.11,265.275,2021-06-24,MSFT,IEXG,24:00:00,Thursday,267.85,266.02,87163442.0,0
2021-06-25 00:00:00+00:00,265.01,265.18,266.69,2021-06-25,MSFT,IEXG,24:00:00,Friday,267.29,264.76,46367485.0,0
2021-06-28 00:00:00+00:00,268.74,268.75,265.02,2021-06-28,MSFT,IEXG,24:00:00,Monday,268.9,265.91,78775514.0,0
2021-06-29 00:00:00+00:00,271.43,271.14,268.72,2021-06-29,MSFT,IEXG,24:00:00,Tuesday,271.65,268.03,81355326.0,0
2021-06-30 00:00:00+00:00,271.05,271.13,271.4,2021-06-30,MSFT,IEXG,24:00:00,Wednesday,271.355,269.615,74611967.0,0
